{"cameraMode":{"drawMode":0,"name":"Shaded","section":"Shading Mode"},"sceneLighting":true,"audioPlay":false,"sceneViewState":{"m_AlwaysRefresh":false,"showFog":true,"showSkybox":true,"showFlares":true,"showImageEffects":true,"showParticleSystems":true,"showVisualEffectGraphs":true,"m_FxEnabled":true},"in2DMode":false,"pivot":{"x":-2.2071950435638429,"y":-0.9037493467330933,"z":1.9882146120071412},"rotation":{"x":-0.25403380393981936,"y":0.7134069800376892,"z":-0.31757014989852908,"w":-0.5706760883331299},"size":18.41695785522461,"orthographic":false}