{"cameraMode":{"drawMode":0,"name":"Shaded","section":"Shading Mode"},"sceneLighting":true,"audioPlay":false,"sceneViewState":{"m_AlwaysRefresh":false,"showFog":true,"showSkybox":true,"showFlares":true,"showImageEffects":true,"showParticleSystems":true,"showVisualEffectGraphs":true,"m_FxEnabled":true},"in2DMode":false,"pivot":{"x":-0.15000000596046449,"y":0.30000001192092898,"z":-0.6510000228881836},"rotation":{"x":0.07502822577953339,"y":0.9246079921722412,"z":-0.27723419666290285,"w":0.25022920966148379},"size":3.133012533187866,"orthographic":false}