{"cameraMode":{"drawMode":0,"name":"Shaded","section":"Shading Mode"},"sceneLighting":true,"audioPlay":false,"sceneViewState":{"m_AlwaysRefresh":false,"showFog":true,"showSkybox":true,"showFlares":true,"showImageEffects":true,"showParticleSystems":true,"showVisualEffectGraphs":true,"m_FxEnabled":true},"in2DMode":false,"pivot":{"x":2.384185791015625e-7,"y":0.08088450133800507,"z":-2.384185791015625e-7},"rotation":{"x":0.2641508877277374,"y":0.0017551189521327615,"z":-0.00046333076898008585,"w":0.9645351767539978},"size":1.7841196060180665,"orthographic":false}