{"cameraMode":{"drawMode":0,"name":"Shaded","section":"Shading Mode"},"sceneLighting":true,"audioPlay":false,"sceneViewState":{"m_AlwaysRefresh":false,"showFog":true,"showSkybox":true,"showFlares":true,"showImageEffects":true,"showParticleSystems":true,"showVisualEffectGraphs":true,"m_FxEnabled":true},"in2DMode":false,"pivot":{"x":32.880001068115237,"y":2.4000000953674318,"z":3.3999996185302736},"rotation":{"x":0.5958812832832336,"y":0.009637376293540001,"z":-0.007153520826250315,"w":0.8030102849006653},"size":57.373870849609378,"orthographic":true}